post_id,platform,created_at,text
1,X,2026-01-01T08:00:00,Artificial intelligence is transforming technology #AI #Technology
2,Reddit,2026-01-01T08:01:00,Python makes data analysis easier #Python #DataScience
3,LinkedIn,2026-01-01T08:02:00,Hadoop enables distributed big data processing #Hadoop #BigData
4,Mastodon,2026-01-01T08:03:00,Machine learning models improve business decisions #MachineLearning #AI
5,X,2026-01-01T08:04:00,Cloud computing helps modern applications scale #CloudComputing
6,Reddit,2026-01-01T08:05:00,MapReduce divides large jobs across machines #MapReduce #Hadoop
7,LinkedIn,2026-01-01T08:06:00,Cybersecurity awareness protects online users #CyberSecurity
8,Mastodon,2026-01-01T08:07:00,Python programming is popular for automation #Python
9,X,2026-01-01T08:08:00,AI analytics helps teams understand data #AI #Analytics
10,Reddit,2026-01-01T08:09:00,Internet of Things devices create sensor data #IoT
11,LinkedIn,2026-01-01T08:10:00,Big data platforms process millions of records #BigData
12,Mastodon,2026-01-01T08:11:00,Network security is essential for digital services #NetworkSecurity
13,X,2026-01-01T08:12:00,Developers use Python for machine learning #Python #MachineLearning
14,Reddit,2026-01-01T08:13:00,Hadoop stores data across distributed systems #Hadoop
15,LinkedIn,2026-01-01T08:14:00,Visualization makes analytics easier to understand #Visualization
16,Mastodon,2026-01-01T08:15:00,Generative AI is changing software development #AI
17,X,2026-01-01T08:16:00,Cloud platforms provide flexible computing resources #Cloud
18,Reddit,2026-01-01T08:17:00,Data science combines statistics and programming #DataScience
19,LinkedIn,2026-01-01T08:18:00,Smart devices improve city automation #SmartDevices #IoT
20,Mastodon,2026-01-01T08:19:00,Blockchain provides a distributed record #Blockchain
